,baseline,candidate_model,combined,marginal
2021-01-01,0.004227831702146422,0.00026093499376408317,0.0018476936771170188,-0.0023801380250294034
2021-01-04,0.011163020166034559,-0.0010809061037066988,0.003816664404189804,-0.0073463557618447545
2021-01-05,0.004732290761687217,-0.010897998979498388,-0.004645883083024146,-0.009378173844711363
2021-01-06,-0.008938225248462222,0.011217542060028972,0.0031552351366324937,0.012093460385094717
2021-01-07,-0.001460941969280585,-0.010063686491993717,-0.006622588682908465,-0.00516164671362788
2021-01-08,-0.008702567894966023,0.000587716380632263,-0.0031283973296070515,0.005574170565358971
2021-01-11,0.0011707276807882898,-0.0007901007215484952,-5.769360613781165e-06,-0.0011764970414020709
2021-01-12,0.01832718378377275,0.018919736177637043,0.018682715220091326,0.0003555314363185777
2021-01-13,-0.009023480116954604,-0.007022182987730045,-0.007822701839419868,0.001200778277534736
2021-01-14,-0.0019249567121670348,0.003033362202962354,0.001050034636910598,0.002974991349077633
2021-01-15,0.004702591391205052,-0.0017879252115686633,0.0008082814295408229,-0.0038943099616642286
2021-01-18,0.008547474399227071,0.008127183679182318,0.008295299967200218,-0.00025217443202685264
2021-01-19,0.0018964814441781927,0.0005427246360951111,0.0010842273593283437,-0.000812254084849849
2021-01-20,-0.010902275003334181,-0.008605784836566226,-0.009524380903273408,0.0013778941000607732
2021-01-21,0.0009385615963519066,0.021441477470978083,0.013240311121127613,0.012301749524775706
2021-01-22,0.00939150002023471,0.00298166633079258,0.005545599806569432,-0.0038459002136652784
2021-01-25,-0.012332654612454844,-0.0032129876993130745,-0.006860854464569782,0.005471800147885062
2021-01-26,-0.002371334973881969,0.01261793265425564,0.0066222256030005954,0.008993560576882564
2021-01-27,-0.019547418006074915,-0.009673275976933512,-0.013622932788590073,0.005924485217484843
2021-01-28,-0.019409725293925782,-0.011700548253091836,-0.014784219069425415,0.004625506224500368
2021-01-29,-0.014009313563925173,-0.0003499975765755576,-0.0058137239715154035,0.00819558959240977
2021-02-01,0.00047044788798927296,-0.013944541790565129,-0.008178545919143368,-0.008648993807132641
2021-02-02,-0.011213744903492825,0.007032788886750999,-0.00026582462934653106,0.010947920274146294
2021-02-03,0.0030478851586012113,0.008979249129064568,0.006606703540879225,0.003558818382278014
2021-02-04,0.005353332961340508,-0.003006856473835501,0.00033721930023490284,-0.005016113661105605
2021-02-05,-0.0031213709659210307,-0.004324626928393608,-0.0038433245434045774,-0.0007219535774835467
2021-02-08,-0.02601124849600866,-0.008253110490435006,-0.015356365692664468,0.01065488280334419
2021-02-09,-0.005505572408986667,-0.007383019317185439,-0.00663204055390593,-0.0011264681449192635
2021-02-10,0.00394850622589023,-0.0027524800486011048,-7.208553880457057e-05,-0.004020591764694801
2021-02-11,-0.0035391252471944413,0.007207967194399213,0.0029091302177617507,0.0064482554649561916
2021-02-12,-0.010043378009876938,-0.024399177504724253,-0.018656857706785327,-0.008613479696908389
2021-02-15,-0.006507153448239943,-0.008350221603686899,-0.007612994341508117,-0.0011058408932681733
2021-02-16,-0.012854607536669319,-0.012494744950522423,-0.012638689984981182,0.00021591755168813738
2021-02-17,-0.002988295486073796,-0.009649650016737713,-0.006985108204472146,-0.00399681271839835
2021-02-18,0.00993137665921176,0.00954785267571669,0.009701262269114719,-0.0002301143900970415
2021-02-19,-0.011937022957233652,-0.014220500608086216,-0.01330710954774519,-0.0013700865905115385
2021-02-22,-0.0013178958184326866,0.0016024077607135717,0.00043428632905506833,0.0017521821474877548
2021-02-23,0.011861167754875621,0.0015992051042495758,0.005703990164499994,-0.006157177590375627
2021-02-24,-0.0010977644152479977,-0.0028244033177612874,-0.0021337477567559713,-0.0010359833415079737
2021-02-25,-0.0023054288102939855,-0.012011925488936084,-0.008129326817479243,-0.005823898007185258
2021-02-26,0.002711008810548054,-0.010253775833444204,-0.0050678619758473,-0.0077788707863953544
2021-03-01,0.0033470339800908393,0.007678285264148387,0.005945784750525368,0.002598750770434529
2021-03-02,-0.013587970287654445,-0.011671006579189045,-0.012437792062575205,0.00115017822507924
2021-03-03,0.0022071514401452784,0.0014486946586048967,0.0017520773712210494,-0.00045507406892422893
2021-03-04,0.012974308633813065,0.013535458625477259,0.013310998628811582,0.000336689994998517
2021-03-05,-0.016251602644969984,-0.0032638500263237388,-0.008458951073782237,0.0077926515711877475
2021-03-08,0.006643648627977866,0.013474631322537975,0.01074223824471393,0.004098589616736065
2021-03-09,0.0016075162293679307,-0.0028052836240462188,-0.001040163682680559,-0.0026476799120484897
2021-03-10,-0.005712408019958026,-0.011928517287913184,-0.009442073580731122,-0.0037296655607730956
2021-03-11,0.017169721526300714,0.019127399116652937,0.01834432808051205,0.0011746065542113347
2021-03-12,0.005957546399799966,0.008176302125671277,0.007288799835322752,0.0013312534355227864
2021-03-15,-0.007191599790703177,0.004436229816662857,-0.00021490202628355725,0.00697669776441962
2021-03-16,0.0016975733350097718,0.0015442632648071854,0.00160558729288822,-9.198604212155175e-05
2021-03-17,0.00879254684874224,0.009709952403717949,0.009342990181727667,0.0005504433329854268
2021-03-18,0.0026673867272163903,-0.0001426610113806643,0.0009813580840581577,-0.0016860286431582326
2021-03-19,0.008759449933733116,0.007837990764370922,0.0082065744321158,-0.0005528755016173167
2021-03-22,0.007564513421426536,0.0012939410152045783,0.0038021699776933614,-0.003762343443733175
2021-03-23,0.0036619253387107646,0.004818955967551065,0.004356143716014945,0.0006942183773041804
2021-03-24,0.01666847206693866,0.008280143776234587,0.011635475092516216,-0.005032996974422443
2021-03-25,-0.007253512177612241,-0.004673575445462325,-0.005705550138322291,0.0015479620392899497
2021-03-26,0.00865990128998128,0.005992355433389135,0.0070593737760259925,-0.0016005275139552872
2021-03-29,0.0018182838265854628,-0.006143416883775735,-0.0029587365996312557,-0.004777020426216718
2021-03-30,-0.005392052650939492,0.015276635899741665,0.007009160479469202,0.012401213130408694
2021-03-31,-0.014365020136975402,-0.007984929340710632,-0.010536965659216541,0.003828054477758861
2021-04-01,-0.002904304899170065,0.0070832127235299445,0.00308820567444994,0.005992510573620005
2021-04-02,0.0011554832915931736,-0.0018648196108703944,-0.0006566984498849672,-0.0018121817414781408
2021-04-05,0.01131629334790632,-0.00034390793040949864,0.004320172580916828,-0.006996120766989492
2021-04-06,0.010819319321834846,0.02223379787484268,0.017668006453639546,0.0068486871318047
2021-04-07,-0.01066941475300404,-0.0026386863461419037,-0.005850977708886758,0.004818437044117282
2021-04-08,-0.004978795333325486,-0.015554697881654925,-0.01132433686232315,-0.006345541528997663
2021-04-09,0.006085687899938202,0.001284880644528522,0.0032052035466923943,-0.002880484353245808
2021-04-12,-0.014987810071183272,-0.007376179430566239,-0.010420831686813053,0.004566978384370219
2021-04-13,-0.012040195595681528,0.019990042013172563,0.007177946969630927,0.019218142565312457
2021-04-14,0.0015439158709126322,-0.0008310173093445698,0.00011895596275831102,-0.0014249599081543212
2021-04-15,0.008504607392360405,0.01990572476018839,0.015345277813057195,0.00684067042069679
2021-04-16,0.010115239188286503,-0.003963817850025223,0.0016678049652994681,-0.008447434222987035
2021-04-19,-0.0036475623082189703,0.0009559161874118244,-0.0008854752108404937,0.0027620870973784767
2021-04-20,-0.006348797648038699,0.003381761942541235,-0.0005104618936907388,0.00583833575434796
2021-04-21,-0.0008106889862895385,0.015478062995558407,0.008962562202819229,0.009773251189108767
2021-04-22,0.011452685591850528,0.0022243954285044634,0.005915711493842889,-0.0055369740980076385
2021-04-23,-0.006994523348757475,0.0027173078057579846,-0.0011674246560481993,0.0058270986927092755
2021-04-26,-0.008110309915882515,0.005279048180441465,-7.669505808812708e-05,0.008033614857794389
2021-04-27,0.0034834895440523602,-0.008233522354646677,-0.003546717595167061,-0.007030207139219421
2021-04-28,0.0008426016198509229,-0.0034132220251874637,-0.001710892567172109,-0.002553494187023032
2021-04-29,0.001961254997183271,-0.00021815195547365005,0.0006536108255891183,-0.0013076441715941525
2021-04-30,-0.010778982019039022,-0.02131359851657978,-0.017099751917563476,-0.006320769898524455
2021-05-03,0.0038036153566024804,0.008459346665186896,0.00659705414175313,0.0027934387851506494
2021-05-04,-0.0038839791441364546,-0.0005480731996792944,-0.0018824355774621584,0.002001543566674296
2021-05-05,0.010938397801569162,0.005685149767747515,0.0077864489812761745,-0.003151948820292988
2021-05-06,0.008424156668028262,-0.005734088407421141,-7.079037724137989e-05,-0.008494947045269641
2021-05-07,0.0037212175734962906,0.017455194672205836,0.011961603832722018,0.008240386259225727
2021-05-10,0.005366180079271325,0.0019837316524336686,0.003336711023168731,-0.002029469056102594
2021-05-11,-0.0038199329405351175,0.007624947765808171,0.003046995483270856,0.006866928423805973
2021-05-12,0.00962468417068521,0.015863669158755332,0.013368075163527282,0.0037433909928420717
2021-05-13,0.00048366609612456425,-0.008519564965138058,-0.004918272540633009,-0.005401938636757574
2021-05-14,0.002606534513386884,0.007551554068268669,0.005573546246315955,0.002967011732929071
2021-05-17,-0.008355919958074947,-0.004204970240211074,-0.005865350127356624,0.0024905698307183238
2021-05-18,0.002119692750676994,0.00017329206532097543,0.000951852339463383,-0.001167840411213611
2021-05-19,-0.014089976810391295,-0.010386982021627822,-0.01186817993713321,0.0022217968732580837
2021-05-20,-0.021878012532466094,-0.006580199548819417,-0.012699324742278088,0.009178687790188007
2021-05-21,-0.0013764926595419532,0.010882158370847007,0.005978697958691422,0.007355190618233375
2021-05-24,-0.006888740336680554,0.00014131416116490783,-0.002670707637973277,0.004218032698707277
2021-05-25,0.00032291399568983373,-0.0023812926488488246,-0.0012996099910333612,-0.001622523986723195
2021-05-26,0.028531063135783165,0.008662650949241133,0.016610015823857946,-0.011921047311925219
2021-05-27,-0.006316144199997507,0.002335098580710323,-0.0011253985315728093,0.005190745668424698
2021-05-28,0.0005679843385259353,-0.011632680338957214,-0.006752414467963955,-0.00732039880648989
2021-05-31,0.005543053523954842,-0.0048562273122124446,-0.0006965149777455296,-0.006239568501700371
2021-06-01,0.0025860137791505334,0.00483843908400349,0.003937468962062307,0.0013514551829117735
2021-06-02,-0.0027596911776120486,-0.00023075907663728037,-0.0012423319170271876,0.001517359260584861
2021-06-03,-0.00017468438514258843,-0.0049345542655874096,-0.003030606313409481,-0.0028559219282668926
2021-06-04,0.00709737878732477,-0.008917282686161102,-0.0025114180967667527,-0.009608796884091523
2021-06-07,0.005331241166126603,0.014579776475443933,0.010880362351717,0.005549121185590397
2021-06-08,-0.010524953953407284,0.0031535102732586488,-0.0023178754174077243,0.00820707853599956
2021-06-09,-0.006832930706013188,0.0032549554786332315,-0.0007801989952253363,0.006052731710787852
2021-06-10,-0.0002105535321214896,0.0020278298373803713,0.001132476489579627,0.0013430300217011164
2021-06-11,-0.01748330480209375,0.012546669901282658,0.0005346800199320942,0.018017984822025844
2021-06-14,0.004001847992120013,0.0021528444667126972,0.0028924458768756238,-0.0011094021152443893
2021-06-15,-0.010403890965315311,-0.003845999359627292,-0.006469156001902499,0.003934734963412812
2021-06-16,0.006927071848213552,0.00457491094988696,0.0055157753092175965,-0.0014112965389959558
2021-06-17,0.0012988855894130083,0.003660009063063038,0.002715559673603026,0.0014166740841900177
2021-06-18,0.0020432995025530492,0.010222309411329388,0.006950705447818853,0.004907405945265803
2021-06-21,-0.010352239556567631,0.005539203053792553,-0.000817373990351521,0.00953486556621611
2021-06-22,-0.006995966999081131,0.019127027994910294,0.008677829997313724,0.015673796996394856
2021-06-23,-0.022364933018221015,-0.018558064588507468,-0.020080811960392887,0.0022841210578281278
2021-06-24,-0.017592846931138436,-0.002341801191052457,-0.008442219487086849,0.009150627444051587
2021-06-25,0.00028986246772118394,-0.0071722308013430925,-0.004187393493717382,-0.004477255961438566
2021-06-28,-0.014301867938388883,-1.2796976615133196e-05,-0.005728425361324634,0.00857344257706425
2021-06-29,0.004547399820257312,-0.0003932816312819105,0.0015829909493337787,-0.002964408870923534
2021-06-30,-0.013975693580132792,-0.010488001371892037,-0.011883078255188338,0.002092615324944454
2021-07-01,0.0025954570212493536,0.01406376174342518,0.009476439854554848,0.006880982833305495
2021-07-02,-0.006698026426705884,0.005210451043309471,0.00044706005530332875,0.007145086482009213
2021-07-05,0.0064873974042918715,-0.007143419162462921,-0.0016910925357610036,-0.008178489940052875
2021-07-06,0.001273144162306403,-0.0057294249923896725,-0.002928397330511242,-0.004201541492817646
2021-07-07,-0.012287368605468174,-0.02150834692281461,-0.017819955595876034,-0.005532586990407861
2021-07-08,0.018196296121934026,0.00724410090267798,0.011624978990380399,-0.0065713171315536275
2021-07-09,0.014550604844105133,0.0057981987192892714,0.009299161169215617,-0.0052514436748895155
2021-07-12,5.839996818437506e-05,0.0007428545201174689,0.00046907269934423135,0.0004106727311598563
2021-07-13,-0.005750295783216529,-0.008214836929080488,-0.007229020470734903,-0.0014787246875183745
2021-07-14,0.0007759459652406516,-0.00022257026537122982,0.0001768362268735228,-0.0005991097383671288
2021-07-15,-0.009831442607167598,-0.009364878498422942,-0.009551504141920804,0.0002799384652467946
2021-07-16,0.013538669529882376,0.009851110114404302,0.011326133880595531,-0.0022125356492868446
2021-07-19,-0.00503830133154767,0.003980023215141485,0.0003726933964658232,0.005410994728013493
2021-07-20,0.0058542455633981355,-0.019115342123496713,-0.009127507048738773,-0.014981752612136908
2021-07-21,-0.014191858771249892,-0.002009279067178186,-0.006882310948806869,0.007309547822443023
2021-07-22,-0.006709488552898622,-0.0016676100018957621,-0.0036843614222969064,0.003025127130601716
2021-07-23,-0.008744316947299153,-0.0010364562180209687,-0.004119600509732242,0.004624716437566911
2021-07-26,0.010896882324803556,0.001055598313215321,0.004992111917850615,-0.00590477040695294
2021-07-27,-0.003983733308315938,-0.0026802168547023567,-0.003201623436147789,0.0007821098721681485
2021-07-28,0.008442377176898705,-0.004424310593657504,0.0007223645145649797,-0.007720012662333725
2021-07-29,-0.004458833175795376,0.00409015359691055,0.000670558887828179,0.005129392063623555
2021-07-30,-0.005900775135878157,0.0008797366805976333,-0.001832468045992683,0.004068307089885474
2021-08-02,0.005699440733585002,-0.0013644922227983138,0.0014610809597550127,-0.004238359773829989
2021-08-03,-0.0010415731834588528,5.4403769158911815e-05,-0.00038398701188819406,0.0006575861715706587
2021-08-04,-0.003561318385506009,-0.002476933487566251,-0.002910687446742154,0.000650630938763855
2021-08-05,-0.006357965423096256,-0.012091686922002711,-0.00979819832244013,-0.0034402328993438733
2021-08-06,-0.004005807547228582,0.004760559804968588,0.0012540128640897196,0.005259820411318302
2021-08-09,-0.009267074318015607,-0.00626122991480966,-0.007463567676092039,0.001803506641923568
2021-08-10,-0.010254898548111744,0.0005454738119761516,-0.003774675132059007,0.006480223416052737
2021-08-11,0.013460033869847697,0.016908408124106315,0.015529058422402868,0.002069024552555171
2021-08-12,-0.0030015308762765614,0.007050324764367399,0.0030295825081098145,0.006031113384386376
2021-08-13,-0.006689902296378994,-0.008844497197605451,-0.007982659237114869,-0.0012927569407358754
2021-08-16,0.0021243825314709716,-0.001140190661613174,0.00016563861562048424,-0.0019587439158504872
2021-08-17,0.009631550335504455,0.019206241333308515,0.015376364934186891,0.005744814598682436
2021-08-18,-0.01891963653986689,0.006531005647092495,-0.00364925122769126,0.01527038531217563
2021-08-19,-0.004171996910159873,-0.009659845741148882,-0.007464706208753278,-0.0032927092985934056
2021-08-20,-0.013534747792635232,-0.013912157505140802,-0.013761193620138574,-0.00022644582750334236
2021-08-23,-0.013772264445709252,-0.019759851786936265,-0.01736481685044546,-0.003592552404736207
2021-08-24,0.0049849499531758445,0.003591198518151917,0.004148699092161488,-0.0008362508610143564
2021-08-25,0.001707982794514702,-0.018036033540771358,-0.010138427006656934,-0.011846409801171636
2021-08-26,0.007459262535169788,0.003073226438117011,0.004827640876938122,-0.002631621658231666
2021-08-27,-0.002758858439645793,-0.015845633656066567,-0.010610923569498257,-0.007852065129852464
2021-08-30,0.0005137384075063929,-0.010028676433624496,-0.005811710497172141,-0.0063254489046785335
2021-08-31,-0.0018089884999867556,0.0046380787756394965,0.0020592518653889955,0.003868240365375751
2021-09-01,0.002947064276013142,-0.004898995324738622,-0.0017605714844379163,-0.004707635760451058
2021-09-02,-0.01284031229945162,-0.003529482262372318,-0.007253814277204038,0.005586498022247581
2021-09-03,-0.014583710314719459,0.005044080358405093,-0.0028070359108447276,0.011776674403874731
2021-09-06,0.012481854391900317,0.014334522766337319,0.013593455416562518,0.0011116010246622014
2021-09-07,-0.010152121181195226,-0.0020061446700981498,-0.00526453527453698,0.004887585906658246
2021-09-08,0.008148951690117763,0.00037816248347963786,0.003486478166134888,-0.004662473523982875
2021-09-09,-0.008493092884158386,-0.004179243781765645,-0.005904783422722742,0.0025883094614356445
2021-09-10,-0.007797648121199851,0.01279693274771128,0.004559100400146827,0.012356748521346678
2021-09-13,-0.0054987092437188126,0.0018524303454561183,-0.0010880254902138542,0.004410683753504958
2021-09-14,0.005404475669503397,-0.005694215942129564,-0.0012547392974763794,-0.006659214966979776
2021-09-15,-0.0020262142568462627,-0.0011375259875435,-0.0014930012952646052,0.0005332129615816575
2021-09-16,-0.00023607248485678107,0.006008700018848257,0.0035107910173662413,0.0037468635022230223
2021-09-17,-0.00029264833570123727,0.0055869581270692505,0.0032351155419610552,0.0035277638776622924
2021-09-20,0.015342105742076208,0.019108191645333505,0.017601757284030586,0.0022596515419543786
2021-09-21,-0.0008119878834470249,0.012414146926989505,0.007123693002814893,0.007935680886261919
2021-09-22,0.00385999673132017,0.00017824935726081133,0.0016509483068845548,-0.002209048424435615
2021-09-23,-0.007581795108192025,-0.00802347186738993,-0.007846801163710768,-0.0002650060555187423
2021-09-24,-0.012350807381058895,-0.018194253298321684,-0.01585687493141657,-0.0035060675503576742
2021-09-27,0.009990717287710579,0.011582505578802043,0.010945790262365456,0.0009550729746548772
2021-09-28,0.006186524350655517,-0.0019044618900862327,0.0013319326062104675,-0.00485459174444505
2021-09-29,-0.0033280158595897892,0.019326359649857752,0.010264609446078736,0.013592625305668526
2021-09-30,0.0081398558345347,0.005846660153264413,0.006763938425772528,-0.0013759174087621716
2021-10-01,0.008851333799495526,-0.017562164228823365,-0.006996765017495808,-0.015848098816991334
2021-10-04,0.005718823549575404,0.006787581009277551,0.006360078025396692,0.0006412544758212877
2021-10-05,0.016091692179875945,-0.0020703801369083095,0.005194448789805393,-0.010897243390070553
2021-10-06,0.004021534970985083,-0.007448737386852087,-0.002860628443717219,-0.006882163414702302
2021-10-07,0.009442876009820338,0.005335109968130613,0.006978216384806503,-0.002464659625013835
2021-10-08,-0.010479022039748742,-0.005623681568476102,-0.007565817756985158,0.002913204282763584
2021-10-11,0.01716976360230335,0.006583877898119552,0.010818232179793072,-0.006351531422510279
2021-10-12,0.00765630334898779,0.0025251275916194195,0.004577597894566768,-0.003078705454421022
2021-10-13,0.00927441112300046,-0.0052352592587610845,0.0005686088939435337,-0.008705802229056927
2021-10-14,0.017273429585306147,0.01805023810443363,0.017739514696782636,0.00046608511147648926
2021-10-15,0.012378829722859709,-0.00022018947084568707,0.004819418206636472,-0.007559411516223237
2021-10-18,-0.011320723232108195,-0.009784553434441878,-0.010399021353508404,0.0009217018785997906
2021-10-19,-0.01764049937695973,-0.015584938113367943,-0.016407162618804656,0.001233336758155075
2021-10-20,0.010571780863011497,-0.005328733847463799,0.0010314720367263198,-0.009540308826285177
2021-10-21,-0.010740405114447519,-0.00023206656701381498,-0.004435401985987296,0.0063050031284602225
2021-10-22,-0.0014162612147542023,-0.012064562253024269,-0.007805241837716242,-0.006388980622962039
2021-10-25,0.003972862253797299,-0.00018454224782610447,0.001478419552823257,-0.002494442700974042
2021-10-26,-0.01546244952903485,0.001910475193096991,-0.005038694695755745,0.010423754833279106
2021-10-27,-0.022823741150261083,-0.01152170423177172,-0.016042518999167466,0.006781222151093617
2021-10-28,0.0020627501516349666,-0.0009607579048384928,0.00024864531775089106,-0.0018141048338840755
2021-10-29,0.00431080109137102,-0.008423036194832322,-0.003329501280350985,-0.007640302371722005
2021-11-01,-0.0007971019224702254,0.007437298190701084,0.00414353814543256,0.0049406400679027854
2021-11-02,0.00237569204937757,0.007460305548005749,0.005426460148554477,0.003050768099176907
2021-11-03,-0.006640554340468481,-0.0015092091889353312,-0.0035617472495485915,0.003078807090919889
2021-11-04,-0.013850407093051182,-0.022878464716984664,-0.01926724166741127,-0.005416834574360088
2021-11-05,-0.0017755371481697447,-0.005819108012182683,-0.004201679666577507,-0.002426142518407763
2021-11-08,-0.010014968886072584,0.0015508253635103564,-0.0030754923363228203,0.006939476549749764
2021-11-09,-0.012628988965869208,0.009327149023829752,0.0005446938279501674,0.013173682793819376
2021-11-10,0.001228846792157593,0.005073488214434774,0.0035356316455239017,0.0023067848533663087
2021-11-11,0.0043573120131998435,0.01269824901894865,0.009361874216649127,0.005004562203449283
2021-11-12,0.004205967890576952,-0.004122750265732089,-0.0007912630032084721,-0.004997230893785424
2021-11-15,-0.01172428856349591,-0.007262867692374922,-0.009047436040823318,0.002676852522672593
2021-11-16,-0.007685666859496462,-0.006115040425862172,-0.006743290999315888,0.000942375860180574
2021-11-17,-0.011565423011388956,0.0008407321953542578,-0.004121729887343028,0.0074436931240459275
2021-11-18,-0.007573042897100412,-0.013163973784817422,-0.010927601429730618,-0.003354558532630206
2021-11-19,-0.0004208458329772284,0.01524870283992805,0.008980883370765937,0.009401729203743166
2021-11-22,-0.0031566509286221596,0.011194900647152835,0.005454280016842837,0.008610930945464997
2021-11-23,0.000874089955201743,-0.00631562593793665,-0.003439739580681293,-0.004313829535883036
2021-11-24,-0.004498133261247466,-0.00942778218601398,-0.007455922616107374,-0.0029577893548599077
2021-11-25,0.016824276601476333,0.013981977098528149,0.015118896899707423,-0.0017053797017689103
2021-11-26,-0.019946680589990152,-0.011456136622072611,-0.014852354209239627,0.005094326380750525
2021-11-29,0.00849613649353688,-0.009938369227456126,-0.0025645669390589234,-0.011060703432595803
2021-11-30,0.003106391684454038,0.009320169430007099,0.006834658331785874,0.003728266647331836
2021-12-01,0.002379578351191936,-0.0008893185384586542,0.00041824021740158193,-0.001961338133790354
2021-12-02,-0.018137776384332824,-0.012284174143520279,-0.014625615039845297,0.003512161344487527
2021-12-03,-0.006771725015735981,0.01927748428727971,0.008857800566073434,0.015629525581809415
2021-12-06,0.013493431514028762,0.005989581487515483,0.008991121498120796,-0.004502310015907967
2021-12-07,0.0005803693150066349,-0.006669928317296939,-0.003769809264375509,-0.004350178579382144
2021-12-08,0.001025379224605666,0.005193704883403934,0.0035263746198846264,0.0025009953952789604
2021-12-09,0.0011939463325023364,-0.01041447280684209,-0.0057711051511043195,-0.006965051483606656
2021-12-10,0.01974027804802596,-0.0010351386692744953,0.007275028017645688,-0.012465250030380274
2021-12-13,0.00458009071296806,0.0020484299140237057,0.0030610942336014475,-0.0015189964793666123
2021-12-14,-0.02006097471325846,-0.020273067221923805,-0.020188230218457667,-0.00012725550519920512
2021-12-15,-0.005053676986037054,-0.003842564421990856,-0.004327009447609335,0.0007266675384277194
2021-12-16,-0.016200348668064534,0.0008642415441923405,-0.005961594540710409,0.010238754127354125
2021-12-17,-0.03262553776422772,-0.009749434405994762,-0.018899875749287944,0.013725662014939775
2021-12-20,-0.00847010820985939,0.0021286958849763963,-0.0021108257529579184,0.006359282456901472
2021-12-21,0.01303071237568357,0.013155075715223237,0.013105330379407368,7.46180037237993e-05
2021-12-22,-0.002624956190186819,0.004333005701548848,0.001549820944854581,0.0041747771350414
2021-12-23,-0.011050675401599796,0.006601150374861024,-0.0004595799357233043,0.010591095465876492
2021-12-24,-0.008308183114540573,-0.009197054146753572,-0.008841505733868374,-0.0005333226193278001
2021-12-27,0.019122925652452858,0.020366449367425436,0.019869039881436405,0.0007461142289835465
2021-12-28,-0.0012441033901824919,-0.010852926847783734,-0.0070093974647432375,-0.005765294074560745
2021-12-29,0.00027233157086316675,-0.00044941409839665365,-0.00016071583069272546,-0.0004330474015558922
2021-12-30,-0.000835274018065505,-0.009738708862774004,-0.006177334924890605,-0.005342060906825099
2021-12-31,0.002138469338511682,-0.002178435369900122,-0.0004516734865354005,-0.0025901428250470824
2022-01-03,0.011519618524161572,0.014525012203013873,0.013322854731472954,0.0018032362073113813
2022-01-04,0.003750068704321619,0.016246542336485616,0.011247952883620018,0.007497884179298399
2022-01-05,-0.0005913226901361362,-0.002057443072858386,-0.001470994919769486,-0.0008796722296333498
2022-01-06,-0.015352593134986395,-0.004015683141672002,-0.00855044713899776,0.006802145995988634
2022-01-07,0.0018332620895869568,-0.0005944685140958504,0.0003766237273772725,-0.0014566383622096842
2022-01-10,-0.004343591966010989,-0.0058016121878249945,-0.005218404099099393,-0.000874812133088404
2022-01-11,0.010741606283640733,-0.0005997661847246109,0.003936782802621527,-0.006804823481019206
2022-01-12,-0.01532044924746456,-0.008981406894834626,-0.011517023835886599,0.00380342541157796
2022-01-13,-0.0023602043935013126,-0.01090081030203697,-0.0074845679386227075,-0.005124363545121395
2022-01-14,0.00028561951181341774,0.002833546906951272,0.0018143759488961303,0.0015287564370827125
2022-01-17,-0.010510024192955833,-0.0027667345247647137,-0.005864050392041162,0.004645973800914672
2022-01-18,0.014440751799508883,0.004715349968071117,0.008605510700646224,-0.005835241098862659
2022-01-19,0.013169303748800208,-0.004477115752887943,0.0025814520477873176,-0.01058785170101289
2022-01-20,-0.010500388113896569,-0.016341140878973034,-0.014004839772942448,-0.003504451659045879
2022-01-21,0.003507914706751941,0.024533281382549142,0.01612313471223026,0.01261522000547832
2022-01-24,0.009485493662009459,-0.007746760478377731,-0.0008538588222228543,-0.010339352484232314
2022-01-25,-0.032111629283044646,-0.003696716070381939,-0.015062681355447022,0.017048947927597626
2022-01-26,0.0014289523196041366,0.007471344706176076,0.0050543877515473006,0.003625435431943164
2022-01-27,0.0004324922482806953,-0.003845889333313396,-0.0021345367006757594,-0.002567028948956455
2022-01-28,-0.0002788183683103179,-0.013951154622011174,-0.008482220120530832,-0.008203401752220514
2022-01-31,-0.012760019324145727,-0.00317635053643506,-0.007009818051519327,0.0057502012726264
2022-02-01,-0.0025141044501384886,0.00819904469793678,0.003913785038706673,0.006427889488845161
2022-02-02,-0.0014569242192206862,-0.0070565902995739175,-0.004816723867432625,-0.003359799648211939
2022-02-03,0.011185079435394762,0.0035220668749443547,0.006587271899124518,-0.004597807536270244
2022-02-04,-0.00316665670333732,0.009688180406821319,0.004546245562757864,0.007712902266095184
2022-02-07,-0.0003234077332590594,0.003956553823895024,0.0022445692010333905,0.00256797693429245
2022-02-08,0.011700872064237939,0.025469962169817437,0.019962326127585635,0.008261454063347697
2022-02-09,-0.006919168498113854,-0.013049724382508978,-0.010597502028750927,-0.003678333530637073
2022-02-10,-0.0026407047093772993,0.0020373179299849366,0.00016610887424004222,0.0028068135836173415
2022-02-11,-0.01468078423047213,-0.02063283513917324,-0.0182520147756928,-0.003571230545220669
2022-02-14,0.018211770917226693,0.020924074034314954,0.01983915278747965,0.0016273818702529572
2022-02-15,0.007620495180011238,-0.0024853598927643585,0.0015569821363458805,-0.006063513043665357
2022-02-16,0.012143223739156047,-0.013257745517426584,-0.0030973578147935306,-0.015240581553949577
2022-02-17,0.010674136683107528,0.0017978636197059047,0.005348372845066554,-0.005325763838040974
2022-02-18,0.0052641368893327194,-0.004516494832502984,-0.0006042421437687027,-0.005868379033101423
2022-02-21,0.007145558261113025,0.015335808794203014,0.012059708580967018,0.004914150319853993
2022-02-22,-0.0026463510487422515,0.002588710373688934,0.0004946858047164596,0.003141036853458711
2022-02-23,-0.00228848572583826,-0.003784326496816981,-0.0031859901884254923,-0.0008975044625872323
2022-02-24,0.003645846858574631,0.0003853166051557243,0.001689528706523287,-0.001956318152051344
2022-02-25,0.009748953781329579,0.02110178461525092,0.016560652281682384,0.006811698500352806
2022-02-28,0.0062292523375255355,0.00435217290318541,0.00510300467692146,-0.0011262476606040753
2022-03-01,-0.0021644046610159407,0.00987423136077803,0.005058776952060442,0.007223181613076383
2022-03-02,-0.0065210165547050225,-0.0015096033413967156,-0.0035141686267200385,0.003006847927984984
2022-03-03,-0.011851036273685209,-0.0019334657553895488,-0.0059004939627078125,0.005950542310977396
2022-03-04,0.012273657285268802,0.006279720148201099,0.00867729500302818,-0.003596362282240622
2022-03-07,0.004961466271846228,-0.00033864081939483787,0.0017814020171015887,-0.0031800642547446393
2022-03-08,0.003992938885363317,-0.008391953267262286,-0.0034379964062120445,-0.007430935291575362
2022-03-09,0.0004386746545849466,0.008190135311235004,0.005089551048574981,0.004650876393990035
2022-03-10,-0.010516697403055676,-0.01374046510743699,-0.012450958025684465,-0.001934260622628789
2022-03-11,-0.0010493509683919115,0.011367425998426346,0.006400715211699042,0.007450066180090954
2022-03-14,0.0055936912711862085,0.012138391032692855,0.009520511128090197,0.0039268198569039885
2022-03-15,-0.002056229243197794,0.0006420841110908715,-0.0004372412306245947,0.0016189880125731995
2022-03-16,-0.0027689654111316773,-0.00651030726427162,-0.005013770523015643,-0.0022448051118839655
2022-03-17,0.0002768212659231685,0.0002746637155570026,0.00027552673570346896,-1.2945302196995176e-06
2022-03-18,0.0074115705920235605,0.0005309242683253319,0.0032831827978046235,-0.004128387794218937
2022-03-21,-0.014922265154562351,-0.005862530865312921,-0.009486424581012693,0.005435840573549658
2022-03-22,-0.007220255085679361,0.003952755835133184,-0.0005164485331918345,0.006703806552487527
2022-03-23,-0.01084201419715694,0.0001723245274705609,-0.00423341096238044,0.0066086032347765005
2022-03-24,0.003500812513038458,-0.0007418698987876062,0.0009552030659428195,-0.002545609447095638
2022-03-25,-0.01122704140649035,-0.0016162758148150604,-0.005460582051485177,0.0057664593550051735
2022-03-28,0.01026653929419071,-0.010841573127923216,-0.002398328159077645,-0.012664867453268355
2022-03-29,0.01544424243537257,0.012394011813286799,0.013614104062121109,-0.0018301383732514612
2022-03-30,-0.008039095179626518,0.004364047316591442,-0.0005972096818957426,0.0074418854977307755
2022-03-31,-0.003152183001461329,-0.01331334573418029,-0.009248880641092704,-0.0060966976396313755
2022-04-01,0.006465346908017665,0.01329097767829326,0.010560725370183023,0.004095378462165358
2022-04-04,-0.0010337352619308375,0.012850639063300095,0.007296889333207721,0.008330624595138558
2022-04-05,-0.011510642419339374,-0.026712737493434474,-0.020631899463796434,-0.00912125704445706
2022-04-06,0.003419866484794114,0.002882485838946351,0.003097438097285456,-0.000322428387508658
2022-04-07,0.0202877494912322,0.0005047337657180877,0.008417940055923733,-0.011869809435308468
2022-04-08,4.5737170636204506e-05,0.013242763439820358,0.007963952932146696,0.007918215761510493
2022-04-11,0.0024655788803297505,0.015832361709475995,0.010485648577817497,0.008020069697487746
2022-04-12,-0.005385933902031781,-0.008380003896421,-0.007182375898665313,-0.001796441996633532
2022-04-13,0.0074092993372323005,0.0019881765796118398,0.004156625682660025,-0.003252673654572276
2022-04-14,-0.0067722003122568306,-0.005779587422492926,-0.0061766325783984884,0.0005955677338583421
2022-04-15,-0.007900640915820283,-0.0015036841030104274,-0.00406246682813437,0.003838174087685913
2022-04-18,0.006979682603761858,0.013624279331584978,0.010966440640455731,0.003986758036693873
2022-04-19,-0.008769906214577051,0.0051968877409180915,-0.0003898298412799658,0.008380076373297086
2022-04-20,0.01156255082436299,-0.002200449694186143,0.00330475051323351,-0.00825780031112948
2022-04-21,0.013309241208220576,0.018207142921241058,0.016247982236032864,0.002938741027812289
2022-04-22,0.005885048015312114,-0.007777164847799415,-0.0023122797025548034,-0.008197327717866918
2022-04-25,0.004213799854291015,0.004849364451411404,0.004595138612563249,0.00038133875827223336
2022-04-26,0.015453656812967067,0.018509469110295357,0.01728714419136404,0.0018334873783969734
2022-04-27,0.003440963098515696,0.0017010969807153865,0.0023970434278355107,-0.0010439196706801854
2022-04-28,-0.003027889696776085,-0.005157876780529609,-0.0043058819470282,-0.001277992250252115
2022-04-29,-0.011775645317497465,-0.011972157986354294,-0.011893552918811563,-0.0001179076013140979
2022-05-02,0.0038826137293824126,-0.007210183555953745,-0.002773064641819282,-0.006655678371201694
2022-05-03,0.017941782630851846,0.01032670592544442,0.013372736607607391,-0.004569046023244455
2022-05-04,0.010506801692642611,0.011907365702435509,0.01134714009851835,0.0008403384058757388
2022-05-05,-0.017259577197529727,-0.012818528611480218,-0.014594948045900022,0.0026646291516297053
2022-05-06,-0.010202860454555058,8.34124184630499e-05,-0.004031096730744194,0.006171763723810864
2022-05-09,-0.0061174450707961875,0.0036919190798937827,-0.00023182658038220548,0.0058856184904139824
2022-05-10,-0.0004377697533149939,0.0068028397255965965,0.003906595934031961,0.004344365687346955
2022-05-11,-0.0009998219674087084,0.0014773508509911281,0.0004864817236311934,0.0014863036910399018
2022-05-12,0.0064442972494168135,0.01372517872429431,0.010812826134343312,0.004368528884926498
2022-05-13,0.0013520175743047375,0.011846336469350197,0.007648608911332013,0.006296591337027275
2022-05-16,-0.006550324737959386,-0.0008263487750756904,-0.0031159391602291688,0.0034343855777302173
2022-05-17,0.00696347809003893,0.004958921485393143,0.005760744127251458,-0.0012027339627874722
2022-05-18,0.0006172663433501567,0.017068496062009577,0.010488004174545809,0.009870737831195651
2022-05-19,-0.004863890934884892,-0.01830950931610093,-0.012931261963614514,-0.008067371028729623
2022-05-20,0.005835142547858385,0.008967460568571319,0.007714533360286145,0.0018793908124277595
2022-05-23,0.019414665093513014,0.013670889571962191,0.01596839978058252,-0.0034462653129304945
2022-05-24,0.0033714627772019907,-0.00012067704052735428,0.0012761788865643837,-0.002095283890637607
2022-05-25,0.003538997174619747,-0.0008126236292226524,0.0009280246923143074,-0.0026109724823054395
2022-05-26,-0.017394439024773452,-0.020866684308550976,-0.019477786195039967,-0.0020833471702665154
2022-05-27,0.0006808662589772949,-0.0005511383679523398,-5.8336517180485915e-05,-0.0007392027761577808
2022-05-30,-0.0175260429513631,-0.012825990435596884,-0.01470601144190337,0.002820031509459732
2022-05-31,-0.010372680694238025,-0.0003567778850339159,-0.00436313900871556,0.006009541685522465
2022-06-01,0.006102860716648383,-0.003758463645453151,0.00018606609938746303,-0.00591679461726092
2022-06-02,0.008076110764341239,0.016539813631989624,0.01315433248493027,0.005078221720589032
2022-06-03,-0.0014991442723156856,0.0023433408608669994,0.0008063468075939253,0.002305491079909611
2022-06-06,-0.006029087179061933,-0.009091661458014185,-0.007866631746433284,-0.0018375445673713513
2022-06-07,-0.005744202368689355,-0.002931768569559491,-0.004056742089211437,0.0016874602794779182
2022-06-08,-0.0013244765052531325,-0.0066112902707341145,-0.004496564764541721,-0.003172088259288589
2022-06-09,0.006079933041394384,-0.00859518945146749,-0.0027251404543227405,-0.008805073495717124
2022-06-10,0.021136886518587153,0.004848504574684866,0.011363857352245781,-0.009773029166341372
2022-06-13,0.00482082100154903,0.0025081463469739584,0.0034332162088039873,-0.001387604792745043
2022-06-14,-0.003990523177011747,-0.006527416651399618,-0.005512659261644469,-0.0015221360846327222
2022-06-15,-0.006382157218028559,-0.017533720029314893,-0.01307309490480036,-0.006690937686771801
2022-06-16,0.0008651901197128764,-0.004816930150136677,-0.0025440820421968554,-0.003409272161909732
2022-06-17,-0.0035270830428561434,-0.008323239740613771,-0.0064047770615107205,-0.002877694018654577
2022-06-20,-0.012518617422178826,-0.0024484876278054414,-0.006476539545554795,0.006042077876624031
2022-06-21,0.003128343145382865,0.01889497833944131,0.012588324261817933,0.00945998111643507
2022-06-22,-0.008597983229260548,3.23080095934984e-05,-0.0034198084859481206,0.005178174743312428
2022-06-23,0.015647592010279623,0.009416797437176392,0.011909115266417684,-0.0037384767438619383
2022-06-24,0.011751554818663502,-0.0077647814376133285,4.175306489740457e-05,-0.011709801753766097
2022-06-27,0.014206488385453261,0.0038304247280765468,0.007980850191027233,-0.006225638194426028
2022-06-28,0.0010739216744932584,-0.012286218810129673,-0.0069421626162805,-0.008016084290773759
2022-06-29,0.0056840212292148095,0.010171524664352035,0.008376523290297144,0.0026925020610823348
2022-06-30,-0.0062025121048903216,-0.007799184144686351,-0.007160515328767939,-0.0009580032238776176
2022-07-01,-0.007556743783005481,-0.00936731697784654,-0.008643087699910117,-0.0010863439169046356
2022-07-04,-0.007992236498659318,-0.006601471528281457,-0.007157777516432601,0.0008344589822267172
2022-07-05,-0.006466742996623374,-0.004434427447010374,-0.005247353666855574,0.0012193893297678003
2022-07-06,-0.016365442008110187,0.010601020698876275,-0.00018556438391831038,0.016179877624191877
2022-07-07,0.012062720252721645,-0.005423178723124824,0.001571180867213764,-0.01049153938550788
2022-07-08,0.00048788712343409693,0.0025289290926146513,0.0017125123049424296,0.0012246251815083327
2022-07-11,0.008293656787092705,-0.005739377085826256,-0.00012616353665867138,-0.008419820323751376
2022-07-12,0.013221991539098869,0.014344351449116739,0.013895407485109592,0.000673415946010723
2022-07-13,-0.016491397992148802,-0.023571827804853264,-0.020739655879771477,-0.004248257887622675
2022-07-14,-0.007865135773936638,-0.011909289410323572,-0.010291627955768799,-0.002426492181832161
2022-07-15,0.0022000012905564305,-0.01086154275099377,-0.00563692513437369,-0.00783692642493012
2022-07-18,0.004563709065635664,-0.0069253520160627875,-0.002329727583383407,-0.006893436649019071
2022-07-19,-0.005175956405222322,0.002701653794496125,-0.00044939028539125363,0.004726566119831068
2022-07-20,0.009856544707434375,0.022431653171501916,0.0174016097858749,0.007545065078440523
2022-07-21,0.00786585238894845,-0.0036854315334185653,0.0009350820355282408,-0.006930770353420209
2022-07-22,-0.017178945299813064,0.004405522198393543,-0.0042282648008891005,0.012950680498923964
2022-07-25,-0.007646009194767583,-0.00015619791978884476,-0.00315212242978034,0.004493886764987243
2022-07-26,0.004682366700741539,-0.0015410836827964751,0.0009482964706187306,-0.0037340702301228083
2022-07-27,0.005282837053326847,0.0037234095552919314,0.004347180554505897,-0.0009356564988209498
2022-07-28,-0.014761633495383675,-0.010459332766390208,-0.012180253057987596,0.002581380437396079
2022-07-29,0.012779245639897845,-0.0027881469155450027,0.0034388101066321368,-0.009340435533265707
2022-08-01,0.008601809663306642,0.014558145895172351,0.012175611402426068,0.003573801739119425
2022-08-02,0.0073751533288872574,-0.004409915238434792,0.00030411218849402816,-0.007071041140393229
2022-08-03,0.000493488568169611,0.0038091472399001,0.0024828837712079044,0.0019893952030382933
2022-08-04,-0.004660376140858884,0.0020035719919034773,-0.0006620072612014674,0.003998368879657417
2022-08-05,-0.008221591206626685,-0.010820884076769316,-0.009781166928712264,-0.0015595757220855794
2022-08-08,0.02485755277366398,0.01372018643569702,0.018175132970883804,-0.006682419802780178
2022-08-09,-0.010462510057030807,0.006708701164699823,-0.0001597833239924294,0.010302726733038378
2022-08-10,0.012600964240028609,0.008155199297331155,0.009933505274410136,-0.0026674589656184734
2022-08-11,-0.005100134377835883,-0.0013744290330422325,-0.002864711170959693,0.0022354232068761905
2022-08-12,0.007232215553039742,0.013252895657415595,0.010844623615665254,0.0036124080626255125
2022-08-15,-0.014543841997424407,-0.02302540860731922,-0.019632781963361295,-0.005088939965936888
2022-08-16,-0.0024711589766483783,0.00864306390268232,0.004197374750950041,0.00666853372759842
2022-08-17,0.004597089570677409,0.019410988795382687,0.013485429105500577,0.008888339534823167
2022-08-18,-0.006574965619346777,0.00019728989206114567,-0.0025116123125020237,0.004063353306844753
2022-08-19,0.01670231978279049,0.01577727165400278,0.016147290905517864,-0.0005550288772726251
2022-08-22,0.0035319100107018843,-0.006954875983094418,-0.0027601615855758965,-0.00629207159627778
2022-08-23,-0.010389485909871623,-0.006092655704073488,-0.007811387786392741,0.0025780981234788817
2022-08-24,-0.010161768220306422,-0.008268765526919226,-0.009025966604274105,0.0011358016160323177
2022-08-25,-0.0010015469385184338,-0.0073392968155940735,-0.004804196864763818,-0.003802649926245384
2022-08-26,0.009235019896366829,0.004621307501046122,0.006466792459174404,-0.0027682274371924245
2022-08-29,-0.0023116647164095018,-0.004616926218543751,-0.003694821617690051,-0.0013831569012805493
2022-08-30,-0.003149908349066678,-0.00338933974197005,-0.003293567184808701,-0.00014365883574202296
2022-08-31,-0.000736048260786443,-0.008836256906346686,-0.005596173448122589,-0.004860125187336146
2022-09-01,-0.012906663632846156,-0.007945520892196047,-0.00992997798845609,0.0029766856443900654
2022-09-02,-0.007262671902907554,-0.005342979081742832,-0.0061108562102087215,0.0011518156926988328
2022-09-05,-0.004531279907838556,-0.0027745448895948295,-0.00347723889689232,0.001054041010946236
2022-09-06,0.007850834261670023,-0.0018802978624567956,0.002012154987193932,-0.005838679274476091
2022-09-07,-0.013231581505850258,0.00414451669750062,-0.0028059225838397315,0.010425658922010528
2022-09-08,0.0033683358440527275,-0.012065487137268776,-0.005891957944740174,-0.009260293788792902
2022-09-09,-0.00444113621186387,-0.010731229166716984,-0.008215191984775739,-0.0037740557729118683
2022-09-12,-0.007635103628005875,-0.009616494006152537,-0.008823937854893871,-0.0011888342268879968
2022-09-13,0.0056447775786524785,0.013781729110233247,0.01052694849760094,0.004882170918948461
2022-09-14,-0.00916450351076839,0.017816943138206216,0.007024364478616372,0.016188867989384764
2022-09-15,0.014619133243884348,0.013157678892608566,0.01374226063311888,-0.0008768726107654685
2022-09-16,-0.009610163711533561,-0.008012447691476597,-0.008651534099499383,0.0009586296120341776
2022-09-19,-0.0006798058584782636,-0.0010724612531836193,-0.000915399095301477,-0.00023559323682321336
2022-09-20,-0.006333637062222363,0.007128409357058514,0.0017435907893461628,0.008077227851568527
2022-09-21,-0.008595955755850027,-0.008755720685147633,-0.00869181471342859,-9.585895757856233e-05
2022-09-22,-0.0006854968582492606,0.01760171533539143,0.010286830457935154,0.010972327316184414
2022-09-23,-0.005935725775512232,0.011224647260394977,0.004360498046032094,0.010296223821544326
2022-09-26,0.00022236073600157696,0.0052043288152646945,0.0032115415835594473,0.0029891808475578704
2022-09-27,0.00043600338003520883,0.0044151478360155965,0.0028234900536234413,0.0023874866735882324
2022-09-28,-0.008588018809284127,-0.0029246629615073414,-0.005190005300618056,0.003398013508666071
2022-09-29,0.006305439023004723,0.009391040709069565,0.008156800034643627,0.0018513610116389044
2022-09-30,-0.004505377945385812,-0.00542632779719617,-0.005057947856472027,-0.0005525699110862153
2022-10-03,0.006923885557993495,0.015761883706939022,0.012226684447360811,0.005302798889367317
2022-10-04,-0.005125102256687622,-0.00207080405665373,-0.003292523336667287,0.0018325789200203352
2022-10-05,-0.000885375430837383,-0.005717126138370155,-0.003784425855357046,-0.002899050424519663
2022-10-06,-0.017171246786151166,-0.004277676331811146,-0.009435104513547154,0.007736142272604012
2022-10-07,0.012383703381932768,0.005775101209099548,0.008418542078232836,-0.0039651613036999316
2022-10-10,-0.011159435668676651,-0.009584100387913073,-0.010214234500218505,0.0009452011684581464
2022-10-11,-0.020871779516909095,-0.022696833002309545,-0.021966811608149367,-0.0010950320912402715
2022-10-12,-0.0049238889434305546,-0.0079277562084418,-0.006726209302437301,-0.0018023203590067467
2022-10-13,0.01186865298746266,0.01767503745409106,0.0153524836674397,0.00348383067997704
2022-10-14,-0.013092678048681337,0.005982438126385128,-0.0016476083436414587,0.011445069705039878
2022-10-17,-0.014837894577922256,0.0019253289725455925,-0.004779960447641547,0.010057934130280709
2022-10-18,-0.010227834622495595,0.009489895357992651,0.0016028033657973523,0.011830637988292947
2022-10-19,-0.008557249075577289,-0.010471600097304072,-0.009705859688613358,-0.0011486106130360694
2022-10-20,0.005851027248599819,0.007535746021534491,0.006861858512360621,0.0010108312637608025
2022-10-21,-0.009635899648284353,-0.001982365166611454,-0.005043778959280614,0.004592120689003739
2022-10-24,-0.004395557553066965,-0.012225847736229164,-0.009093731662964285,-0.00469817410989732
2022-10-25,0.0077587270730648025,-0.00543577186170344,-0.00015797228779614297,-0.007916699360860945
2022-10-26,-0.013135399383172468,-0.0044747163364255655,-0.007938989555124327,0.005196409828048141
2022-10-27,0.0032425487974573394,0.0011785290252240433,0.0020041369341173617,-0.0012384118633399777
2022-10-28,-0.007481650305361381,-0.012595671531669536,-0.010550063041146274,-0.0030684127357848926
2022-10-31,-0.013215473916908438,0.0027915181245842554,-0.003611278692012823,0.009604195224895615
2022-11-01,-0.024586257324241193,-0.008514302506523283,-0.014943084433610448,0.009643172890630745
2022-11-02,0.016842814811184412,0.019020583244126102,0.018149475870949425,0.001306661059765013
2022-11-03,-0.00014912179384297692,-0.0017767862795698619,-0.0011257204852791079,-0.000976598691436131
2022-11-04,0.00808158987745862,-0.0050500646528835735,0.0002025971592533038,-0.007878992718205316
2022-11-07,-0.007716157174257522,0.0010486663515091987,-0.0024572630587974898,0.005258894115460032
2022-11-08,0.010903263313193575,-0.0027284241543233906,0.002724250832683396,-0.00817901248051018
2022-11-09,-0.003230439928514621,-0.001811569962741779,-0.002379117949050916,0.000851321979463705
2022-11-10,0.021627049068269462,0.006151848162608879,0.012341928524873112,-0.00928512054339635
2022-11-11,-0.005253163037674675,0.006526152752828211,0.0018144264366270562,0.007067589474301731
2022-11-14,-0.011032456352159466,0.0004615562156523286,-0.004136048811472389,0.006896407540687077
2022-11-15,-0.008794354188715837,0.008457420908268466,0.0015567108694747442,0.01035106505819058
2022-11-16,-0.01643296196162599,-0.018715980175014035,-0.017802772889658817,-0.0013698109280328268
2022-11-17,0.009496747153905607,0.0014531872698286341,0.004670611223459424,-0.004826135930446183
2022-11-18,0.005494257961417514,0.002962002881258061,0.003974904913321842,-0.0015193530480956717
2022-11-21,-0.01766886420370109,4.2470598368504666e-05,-0.007042063322459333,0.010626800881241757
2022-11-22,-0.002993472869568317,-0.011876277893868178,-0.008323155884148233,-0.005329683014579915
2022-11-23,-0.0006294712953210033,-0.003862536215462076,-0.0025693102474056467,-0.0019398389520846435
2022-11-24,0.019754390595634806,0.021142621380358554,0.020587329066469054,0.0008329384708342484
2022-11-25,-0.029590610824424626,-0.011724335457094634,-0.01887084560402663,0.010719765220397994
2022-11-28,0.010357882849141662,-0.007166730943049341,-0.00015688542617293966,-0.010514768275314602
2022-11-29,-0.004356344845867644,0.003958197319338538,0.0006323804532560652,0.00498872529912371
2022-11-30,0.01551739287056915,0.008986558496546827,0.011598892246155755,-0.003918500624413394
2022-12-01,-0.010015603407527841,-0.0056757085139023215,-0.007411666471352529,0.002603936936175312
2022-12-02,-0.00666079672028879,0.005927049794667732,0.0008919111886851231,0.007552707908973912
2022-12-05,-0.014609932325066598,-0.011657091868221598,-0.012838228050959598,0.001771704274107
2022-12-06,-0.016699778585390134,0.010365046749759707,-0.00046088338430023013,0.016238895201089905
2022-12-07,0.007384136727873443,0.012775507855238153,0.010618959404292269,0.0032348226764188255
2022-12-08,0.008321254315686994,-0.004768642630151472,0.00046731614818391496,-0.007853938167503079
2022-12-09,-0.0070206586680125185,-0.0012765416526191336,-0.0035741884587764876,0.003446470209236031
2022-12-12,-0.008553692892521843,-0.00792417110677034,-0.00817597982107094,0.0003777130714509025
2022-12-13,-0.0180329765699414,-0.005769844322798959,-0.010675097221655935,0.007357879348285464
2022-12-14,0.003282488742350101,0.0014232500864142302,0.002166945548788579,-0.0011155431935615224
2022-12-15,0.004494657257187791,0.0005182923028062144,0.0021088382845588453,-0.0023858189726289458
2022-12-16,-0.0007063677261057643,0.0003662690053800573,-6.278568721427137e-05,0.000643582038891493
2022-12-19,0.0035898146502178923,-0.027439376208183413,-0.01502769986482289,-0.018617514515040783
2022-12-20,-0.013085096983710649,-0.0030742762252253535,-0.007078604528619472,0.006006492455091177
2022-12-21,-0.0015604278010371351,-0.011292246513262147,-0.007399519028372142,-0.005839091227335006
2022-12-22,0.0030653216488041373,0.004910512188133979,0.004172435972402042,0.0011071143235979047
2022-12-23,0.008094999235741543,0.016975135325368342,0.013423080889517621,0.0053280816537760785
2022-12-26,0.016909198594579032,0.01244256592255296,0.014229218991363389,-0.002679979603215643
2022-12-27,-0.005672506814681286,0.0019550957449291227,-0.0010959452789150409,0.004576561535766245
2022-12-28,-0.006585437811214231,-0.00308040869723895,-0.004482420342829063,0.002103017468385168
2022-12-29,0.005344724018312461,-0.0011901112754643837,0.0014238228420463545,-0.003920901176266107
2022-12-30,-0.008129360163007832,-0.009385489192983622,-0.008883037580993305,-0.0007536774179854738
2023-01-02,-0.005980421323103653,-0.00875942773862495,-0.007647825172416431,-0.0016674038493127786
2023-01-03,-0.0034498705913919908,-0.010366492177468928,-0.007599843543038153,-0.004149972951646162
2023-01-04,-0.01363764817573074,0.0053495579632643776,-0.00224532449233367,0.01139232368339707
2023-01-05,0.0016472354772188048,0.003961438620513812,0.003035757363195809,0.0013885218859770042
2023-01-06,0.004354630345144083,0.0014579274698206064,0.002616608619949997,-0.0017380217251940864
2023-01-09,0.010876102646988132,-0.0003132701303715852,0.004162478980572301,-0.006713623666415831
2023-01-10,0.00020686962864666916,0.002111178792094836,0.001349455126715569,0.0011425854980689
2023-01-11,-0.009134579918515979,-0.003848975098727829,-0.005963217026643089,0.0031713628918728903
2023-01-12,-0.006246097119425496,-0.003189763543027331,-0.004412296973586597,0.0018338001458388991
2023-01-13,-0.0031673905830675282,0.009748732029087949,0.004582282984225758,0.0077496735672932865
2023-01-16,-0.0021358909723120188,-0.0023139681355145857,-0.002242737270233559,-0.00010684629792154015
2023-01-17,0.003473845332528527,-0.007520090272430455,-0.0031225160304468617,-0.006596361362975389
2023-01-18,0.00118208493277512,-0.009052590710008256,-0.004958720452894905,-0.0061408053856700255
2023-01-19,-0.010503332560056297,0.007242999084057123,0.00014446642641175508,0.010647798986468053
2023-01-20,-0.0011489314498221261,0.0014755013951913624,0.00042572825718596697,0.001574659707008093
2023-01-23,-0.01386031832287517,-0.0047273998206377975,-0.008380567221532745,0.005479751101342424
2023-01-24,-0.01160507312634604,0.009885897373052517,0.0012895091732930937,0.012894582299639135
2023-01-25,-0.0040831846521957645,0.004180358789050093,0.0008749414125517499,0.004958126064747515
2023-01-26,-0.024344496891488814,-0.007056513100777647,-0.013971706617062114,0.0103727902744267
2023-01-27,0.0006033611856370281,-0.005007615157233653,-0.0027632246200853805,-0.0033665858057224086
2023-01-30,-0.0016799156680514329,0.0194518835446904,0.010999163859593666,0.012679079527645099
2023-01-31,-0.00089400815673858,-0.0024774940751581126,-0.0018440997077902995,-0.0009500915510517196
2023-02-01,-0.002178460652401475,0.0031517349532938646,0.0010196567110157288,0.0031981173634172038
2023-02-02,-0.008255983586748993,-0.0007519931494747922,-0.0037535893243844727,0.004502394262364521
2023-02-03,-0.011829774808235364,-0.015929108596887086,-0.014289375081426397,-0.0024596002731910333
2023-02-06,-0.0056052601503611115,-0.010125752888000496,-0.008317555792944742,-0.0027122956425836304
2023-02-07,-0.002364454555440896,-0.0017251067412774614,-0.0019808458669428354,0.0003836086884980608
2023-02-08,0.007083694056749804,-0.0003506293102773549,0.002623100036533509,-0.004460594020216296
2023-02-09,-0.008153707892404837,-0.009075078456574041,-0.008706530230906359,-0.0005528223385015216
2023-02-10,0.0012483583932083697,-0.004343632064462125,-0.0021068358813939266,-0.0033551942746022963
2023-02-13,0.006725940907090429,-0.007321339697732644,-0.0017024274558034144,-0.008428368362893844
2023-02-14,-0.006392145841633386,-0.004217075218199678,-0.0050871034675731615,0.0013050423740602248
2023-02-15,0.00134226760428289,-0.009667885012245268,-0.005263823965634005,-0.006606091569916895
2023-02-16,0.0031678622617862025,0.009271372808645597,0.006829968589901839,0.0036621063281156363
2023-02-17,-0.025216512382243532,0.006336587850321278,-0.006284652242704646,0.018931860139538886
2023-02-20,0.013874100632268037,0.026700491403955244,0.02156993509528036,0.0076958344630123215
2023-02-21,0.008064784815631483,0.007263620533498338,0.007584086246351596,-0.000480698569279887
2023-02-22,-0.0006886870804682596,-0.0005735170992196463,-0.0006195850917190916,6.910198874916795e-05
2023-02-23,0.004458834265064841,-0.007041915949734029,-0.0024416158638144807,-0.006900450128879321
2023-02-24,-0.006682687725188635,-0.033065544308820416,-0.022512401675367704,-0.01582971395017907
2023-02-27,-0.001849124739416304,-0.009894228439077783,-0.006676186959213191,-0.004827062219796887
2023-02-28,0.0010736986986001834,0.0028125637242396072,0.002117017713983838,0.0010433190153836544
2023-03-01,0.0019293119172516127,0.010060251347251765,0.006807875575251704,0.004878563658000091
2023-03-02,0.0038363001230496967,0.006080679259970489,0.005182927605202172,0.001346627482152475
2023-03-03,-0.013285889721535969,-0.0032354216280602076,-0.007255608865450512,0.006030280856085457
2023-03-06,0.009525368020669512,0.00900669148079421,0.009214162096744331,-0.0003112059239251813
2023-03-07,0.011575626775329683,0.009984712814347717,0.010621078398740503,-0.0009545483765891795
2023-03-08,0.018008671509898003,0.014623760493976998,0.0159777249003454,-0.0020309466095526016
2023-03-09,-4.9912889222219776e-05,-0.0032331043921274734,-0.0019598277909653717,-0.001909914901743152
2023-03-10,-0.013567399432222235,-0.0063120831789546675,-0.009214209680261695,0.004353189751960539
2023-03-13,0.0024449358586876545,-0.005195651921747276,-0.0021394168095733032,-0.004584352668260958
2023-03-14,-0.005532522267677708,0.007475920920290754,0.002272543645103369,0.007805065912781076
2023-03-15,-0.019037469810973026,-0.0029478353220386945,-0.009383689117612427,0.009653780693360599
2023-03-16,0.0005098002731877783,0.010081787735184962,0.006252992750386088,0.00574319247719831
2023-03-17,-0.011998660241096606,-0.016143252503626363,-0.014485415598614462,-0.002486755357517856
2023-03-20,-0.012222561483573239,0.0003626034209097172,-0.004671462540883465,0.0075510989426897735
2023-03-21,-0.009411282884839408,-0.008535539232392007,-0.008885836693370968,0.0005254461914684407
2023-03-22,0.011052114171338194,0.009137252630182153,0.00990319724664457,-0.0011489169246936236
2023-03-23,-0.005059306318249336,-0.004695789114416624,-0.004841195995949709,0.00021811032229962675
2023-03-24,0.0011000899645091807,0.009851682105076759,0.006351045248849727,0.005250955284340546
2023-03-27,0.019400925995704626,0.005317578788693229,0.010950917671497789,-0.008450008324206837
2023-03-28,0.01759178719755526,0.017902792076455357,0.017778390124895318,0.00018660292734005643
2023-03-29,-0.0027526797177632946,-5.727328200966046e-05,-0.0011354358563111142,0.0016172438614521804
2023-03-30,-0.005212233471909106,-0.0072717926416279634,-0.00644796897374042,-0.0012357355018313143
2023-03-31,-0.010682046821332145,-0.009741089939361573,-0.010117472692149802,0.0005645741291823436
2023-04-03,-0.006667682742143123,-0.008183610814239194,-0.0075772395854007656,-0.0009095568432576423
2023-04-04,0.007863625003514908,0.005888949650472647,0.0066788197916895515,-0.0011848052118253564
2023-04-05,0.013278183196248034,0.0037419959746543196,0.007556470863291805,-0.005721712332956229
2023-04-06,0.00423698680508068,0.007339230187831746,0.006098332834731319,0.0018613460296506394
2023-04-07,0.009524319715254371,0.0028228405619604505,0.005503432223278018,-0.004020887491976353
2023-04-10,-0.0076560316212402595,-0.018190339120388477,-0.01397661612072919,-0.00632058449948893
2023-04-11,-0.0032833525373583243,0.0070712614256494225,0.002929415840446324,0.006212768377804648
2023-04-12,0.003981891495936927,-0.0066253152149061715,-0.0023824325305689315,-0.006364324026505859
2023-04-13,0.002253224527100062,0.012998100539706518,0.008700150134663935,0.006446925607563873
2023-04-14,0.008981764480752535,0.009811771541584219,0.009479768717251546,0.0004980042364990112
2023-04-17,0.002501840783766883,-0.009461536485730618,-0.004676185577931618,-0.007178026361698501
2023-04-18,-7.579667742366571e-05,-0.00977592895472242,-0.005895876043802918,-0.005820079366379252
2023-04-19,0.002271220306978082,-0.007992911508574198,-0.0038872587823532865,-0.006158479089331368
2023-04-20,-0.009920598613356101,-0.013173909690141705,-0.011872585259427464,-0.0019519866460713624
2023-04-21,-0.019511849772527887,-0.020110407765016644,-0.019870984568021142,-0.00035913479549325514
2023-04-24,0.011488363031667836,0.010217704014333206,0.010725967621267058,-0.0007623954104007784
2023-04-25,0.0014983762883944165,-0.0014444604579990782,-0.00026732575944168023,-0.0017657020478360967
2023-04-26,0.009420527061924425,0.002580378230392977,0.0053164377630055566,-0.004104089298918869
2023-04-27,-0.01300901696617532,-0.012188952943815824,-0.01251697855275962,0.0004920384134156994
2023-04-28,0.0020083982980412043,0.005859395101773947,0.00431899638028085,0.0023105980822396453
2023-05-01,-0.006293356063820318,-0.011279061237877724,-0.00928477916825476,-0.002991423104434443
2023-05-02,-0.00541174165641237,-0.006606899050603669,-0.006128836092927149,-0.0007170944365147789
2023-05-03,-0.011595619517787157,-0.0062427064134726795,-0.00838387165519847,0.003211747862588687
2023-05-04,-0.0072019250218154866,-0.002876605471323948,-0.004606733291520564,0.002595191730294923
2023-05-05,0.012841466865895278,-0.0002608611924853541,0.0049800700308669,-0.00786139683502838
2023-05-08,0.0097882332360541,-0.004856271634568019,0.0010015303136808287,-0.008786702922373272
2023-05-09,-0.003959998939358901,0.004140763399974106,0.0009004584642409033,0.004860457403599804
2023-05-10,0.002782665592913744,-0.002206706646261537,-0.00021095775059142463,-0.0029936233435051687
2023-05-11,0.011875481395244865,0.0018967717275533685,0.005888255594629968,-0.005987225800614897
2023-05-12,-0.02818698188296126,-0.01863072147951444,-0.02245322564089317,0.005733756242068091
2023-05-15,0.0005290706811808965,0.003942932762540941,0.0025773879299969228,0.0020483172488160264
2023-05-16,0.0022702241161989514,0.022301631367268055,0.014289068466840414,0.012018844350641463
2023-05-17,0.0042717508638379685,0.00022475055247210443,0.0018435506770184502,-0.0024282001868195183
2023-05-18,0.014106430846604238,0.014184944235470932,0.014153538879924255,4.710803332001745e-05
2023-05-19,0.010459242713039066,0.007429321812313793,0.008641290172603903,-0.001817952540435163
2023-05-22,0.003722933523044157,-0.018994307311938314,-0.009907410977945326,-0.013630344500989482
2023-05-23,0.004719289342355883,0.002859894394154349,0.0036036523734349624,-0.0011156369689209206
2023-05-24,0.002603453124195222,-0.0011688461071540349,0.000340073585385668,-0.002263379538809554
2023-05-25,0.0022420738761267838,0.008459092490385406,0.005972285044681957,0.003730211168555173
2023-05-26,0.004007574229433817,0.0012184626199555565,0.002334107263746861,-0.0016734669656869564
2023-05-29,0.011411428271966824,-0.0015218435501283276,0.003651465178709733,-0.00775996309325709
2023-05-30,0.01746000091013513,0.008465616607564822,0.012063370328592945,-0.005396630581542185
2023-05-31,-0.0015796493727347695,0.0008680909848155156,-0.00011100515820459847,0.001468644214530171
2023-06-01,0.0017516959580491803,-0.007274511085888448,-0.003664028268313397,-0.005415724226362577
2023-06-02,0.003595677783677062,-0.001530885027317649,0.0005197400970802354,-0.003075937686596826
2023-06-05,0.006914556375107249,-0.0071941625553293,-0.0015506749831546802,-0.008465231358261929
2023-06-06,0.0026160167060277502,-0.0009248121949363979,0.0004915193654492615,-0.0021244973405784885
2023-06-07,0.024589309454063894,0.01145012427151898,0.01670579834453695,-0.007883511109526946
2023-06-08,-0.01551642553023403,0.008444259182118406,-0.0011400147028225692,0.014376410827411461
2023-06-09,0.002055828681004718,0.005929915138439561,0.0043802805554656234,0.0023244518744609055
2023-06-12,-0.0003029038179123702,0.003256735676878433,0.0018328798789621116,0.0021357836968744818
2023-06-13,0.007277025823718888,0.00834643886482803,0.007918673648384372,0.0006416478246654839
2023-06-14,0.015047265652522818,0.018603243036308406,0.01718085208279417,0.002133586430271353
2023-06-15,-0.018266836279998037,0.006717960423321398,-0.0032759582580063765,0.014990878021991661
2023-06-16,-0.007818029089191278,0.004464314003878614,-0.0004486232333493429,0.007369405855841935
2023-06-19,0.008685097206186492,0.00429154488628047,0.00604896581424288,-0.002636131391943613
2023-06-20,-0.006686999860534858,-0.0003928094143416205,-0.002910485592818916,0.0037765142677159418
2023-06-21,-0.015644363095463222,-0.007129258079437305,-0.010535300085847674,0.0051090630096155484
2023-06-22,0.010471556014014694,0.014350154583129823,0.01279871515548377,0.0023271591414690766
2023-06-23,0.003314373577235078,0.0011558899787577734,0.0020192834181486955,-0.0012950901590863826
2023-06-26,0.010467617901361661,-0.003779529331942657,0.0019193295613790704,-0.00854828833998259
2023-06-27,-0.007509429228264652,-0.016091483853260317,-0.01265866200326205,-0.005149232774997398
2023-06-28,0.013107727819138191,-0.0032781311515958974,0.003276212436697739,-0.009831515382440452
2023-06-29,-0.006526015264718802,-0.01720567081292586,-0.012933808593643039,-0.006407793328924237
2023-06-30,0.013012816784953371,0.00732652427578,0.009601041279449348,-0.003411775505504023
2023-07-03,-0.008747533819921573,0.0033761152639468174,-0.001473344369600539,0.007274189450321034
2023-07-04,-0.0171196468802385,-0.019676277560498,-0.0186536252883942,-0.001533978408155702
2023-07-05,0.0021575663034101673,0.006771894122101745,0.004926162994625114,0.0027685966912149463
2023-07-06,-0.010230781872242087,0.0060349666807398865,-0.0004713327404529035,0.009759449131789184
2023-07-07,0.0050292772736574174,0.004643956659843668,0.004798084905369168,-0.00023119236828824958
2023-07-10,0.008238260477291894,0.011404203145780332,0.010137826078384957,0.001899565601093063
2023-07-11,-0.012497111813448617,0.012279172252029997,0.002368658625838551,0.01486577043928717
2023-07-12,-0.002881246561111869,-0.008538512169629253,-0.0062756059262222995,-0.0033943593651104306
2023-07-13,0.0021085158456806865,0.008413247693361135,0.005891354954288955,0.0037828391086082683
2023-07-14,0.009316809457361783,0.01169099151288103,0.01074131869067333,0.001424509233311548
2023-07-17,-0.00018606747946354855,0.003839834484849849,0.00222947369912449,0.0024155411785880387
2023-07-18,-0.002741059942813099,0.0070662743936065146,0.0031433406590386692,0.005884400601851768
2023-07-19,0.008516462405183927,0.0013440105549586893,0.004212991295048784,-0.004303471110135143
2023-07-20,0.021161121726848163,0.00298545915219369,0.010255724182055479,-0.010905397544792684
2023-07-21,0.023560081383519296,0.0028714945691911795,0.011146929294922427,-0.01241315208859687
2023-07-24,0.004228725747171717,-0.004637025464731588,-0.0010907249799702657,-0.005319450727141983
2023-07-25,0.0023163673440600436,-0.0005145511335652735,0.0006178162574848534,-0.0016985510865751901
2023-07-26,0.014911687206064651,-0.003633674996181649,0.003784469884716872,-0.01112721732134778
2023-07-27,-0.0013358604594148902,-0.010987233231388394,-0.007126684122598992,-0.005790823663184102
2023-07-28,-0.011062834445310307,0.005052455838877604,-0.0013936602747975607,0.009669174170512745
2023-07-31,0.008300053518586023,0.006883273097510843,0.007449985265940915,-0.0008500682526451078
2023-08-01,0.004537709671605721,0.004470916628732975,0.004497633845882073,-4.007582572364797e-05
2023-08-02,-0.011660645804155738,-0.017388240274207684,-0.015097202486186906,-0.003436556682031168
2023-08-03,-0.017028345707327492,-0.01430924611990869,-0.015396885954876212,0.0016314597524512801
2023-08-04,-0.010718224399861415,-0.007000845025364241,-0.00848779677516311,0.0022304276246983053
2023-08-07,0.008841764747002552,0.005151922559527487,0.006627859434517512,-0.00221390531248504
2023-08-08,-0.007415154700503143,-0.007599101889086775,-0.0075255230136533225,-0.00011036831315017984
2023-08-09,-0.0034961293711288045,0.006569362990970856,0.0025431660461309913,0.006039295417259796
2023-08-10,0.00233971699028179,0.0013590128962739788,0.0017512945338771031,-0.000588422456404687
2023-08-11,7.347488225946473e-05,0.0005029423028882784,0.0003311553346367529,0.0002576804523772882
2023-08-14,-0.007604382700487309,0.0009949871345028346,-0.0024447607994932227,0.005159621900994086
2023-08-15,0.007832761949030051,0.006320830560392653,0.006925603115847612,-0.0009071588331824396
2023-08-16,-0.009890760542385206,-0.005931354940406889,-0.007515117181198216,0.0023756433611869902
2023-08-17,-0.0018240037740327095,0.008101456901812683,0.0041312726314745255,0.005955276405507235
2023-08-18,-0.005051653438847288,0.0025674345479600852,-0.0004802006467628645,0.004571452792084423
2023-08-21,0.013277893918369562,0.006971417106626738,0.009494007831323868,-0.0037838860870456938
2023-08-22,6.32272813803313e-05,0.0037176366062651417,0.0022558728763112175,0.0021926455949308862
2023-08-23,0.000916480767751162,-0.0016553543313263083,-0.0006266202916953201,-0.001543101059446482
2023-08-24,-0.0006821677042713184,0.008729009707610248,0.004964538742857621,0.005646706447128939
2023-08-25,-0.0031259453466318866,0.006286763761647282,0.002521680118335614,0.0056476254649675
2023-08-28,0.009499350570620435,0.007341990984643042,0.008204934819034,-0.0012944157515864356
2023-08-29,-0.013366049155211786,0.00013211768914964724,-0.005267149048594926,0.00809890010661686
2023-08-30,-0.012636546106344834,-0.0007025587504074201,-0.005476153692782385,0.007160392413562449
2023-08-31,-0.0030655603129471605,0.002617027326082393,0.0003439922704705713,0.003409552583417732
2023-09-01,0.023581605418285984,0.01316403822748766,0.01733106510380699,-0.006250540314478994
2023-09-04,0.0022007323314653035,-0.016126527353016923,-0.008795623479224033,-0.010996355810689336
2023-09-05,-0.0014285984682344498,0.014239401855390348,0.007972201725940428,0.009400800194174877
2023-09-06,0.005954702342117753,-0.0012487228525890183,0.00163264722529369,-0.004322055116824063
2023-09-07,0.018110534130420654,-0.0022160870106122236,0.005914561445800928,-0.012195972684619727
2023-09-08,-0.007882718901698156,-0.007269367205996078,-0.007514707884276909,0.0003680110174212464
2023-09-11,-0.004493881165600701,-0.0034417633656796736,-0.0038626104856480845,0.0006312706799526161
2023-09-12,0.011555059165911066,0.019103612739751766,0.016084191310215486,0.004529132144304421
2023-09-13,0.005281742849836416,0.007100702321566758,0.006373118532874622,0.0010913756830382053
2023-09-14,0.002503339716197584,-0.010542518200360685,-0.005324175033737378,-0.007827514749934962
2023-09-15,-0.0022819083663832393,-0.0029888216786639788,-0.002706056353751683,-0.00042414798736844367
2023-09-18,0.014054869846017561,0.005332576176696642,0.00882149364442501,-0.005233376201592551
2023-09-19,0.01559548882222939,0.0258427889773098,0.021743868915277634,0.006148380093048245
2023-09-20,0.010289012126446027,-0.005857774455906112,0.0006009401770347435,-0.009688071949411283
2023-09-21,0.004220388413460084,-0.011477226561051036,-0.0051981805712465875,-0.009418568984706673
2023-09-22,-0.020750121115587442,-0.009695128483783602,-0.014117125536505138,0.006632995579082304
2023-09-25,0.010133093319230131,0.0006920353601192284,0.0044684585437635895,-0.005664634775466542
2023-09-26,-0.0029708233811404894,-0.004961745215887934,-0.004165376481988956,-0.0011945531008484664
2023-09-27,0.0032770115720674,-0.013606503903871841,-0.006853097713496145,-0.010130109285563545
2023-09-28,0.007489996839479627,0.01277833093040811,0.010662997294036716,0.0031730004545570886
2023-09-29,0.0007942596641081347,0.013303379347582274,0.008299731474192619,0.0075054718100844835
2023-10-02,-0.023656243700115584,-0.02223409536088681,-0.02280295469657832,0.0008532890035372644
2023-10-03,0.0007423156060821501,0.00969525283805306,0.006114077945264696,0.005371762339182546
2023-10-04,-0.010383272558410622,-0.009876713753507224,-0.010079337275468583,0.00030393528294203956
2023-10-05,-0.006775781360037097,0.022066582992844884,0.01052963725169209,0.017305418611729188
2023-10-06,-0.008539860190396624,-0.0022624610013418558,-0.004773420676963763,0.0037664395134328604
2023-10-09,-0.005998295793329837,-0.005413618868605391,-0.00564748963849517,0.00035080615483466717
2023-10-10,-0.020497716866962324,-0.0019192858710108296,-0.009350658269391427,0.011147058597570897
2023-10-11,0.008552703418186971,0.009121871485579098,0.008894204258622248,0.0003415008404352767
2023-10-12,0.003078665639850235,0.0027684796830868396,0.0028925540657921975,-0.0001861115740580373
2023-10-13,0.012187695046634908,0.004276901283385676,0.007441218788685368,-0.00474647625794954
2023-10-16,0.016336319159317325,0.006795772061474135,0.01061199090061141,-0.005724328258705915
2023-10-17,0.0009270716221648777,-0.011620519873730882,-0.006601483275372577,-0.007528554897537455
2023-10-18,-0.010916705713632152,0.004817245490197653,-0.0014763349913342696,0.009440370722297883
2023-10-19,-0.007047041861344696,-0.008511511555197217,-0.007925723677656208,-0.0008786818163115124
2023-10-20,-0.013445675327983598,-0.00883440578256983,-0.010678913600735338,0.0027667617272482594
2023-10-23,-0.004730537516497254,0.005669458118938654,0.0015094598647642904,0.006239997381261544
2023-10-24,-0.002285123722049079,-0.014419758284821432,-0.00956590445971249,-0.007280780737663412
2023-10-25,-0.017705692912604692,-0.02458413080284517,-0.02183275564674898,-0.004127062734144288
2023-10-26,0.006569965400143363,0.0009809318451917191,0.003216545267172377,-0.0033534201329709864
2023-10-27,-0.016960675405184474,-0.006280479863197196,-0.010552558079992109,0.006408117325192366
2023-10-30,0.0023062983099789887,0.0014175702725527835,0.0017730614875232655,-0.0005332368224557232
2023-10-31,0.0031908451717655266,0.0022642557187822886,0.002634891499975584,-0.0005559536717899428
2023-11-01,-0.004498515192544242,-0.00047602998285543353,-0.002085024066730957,0.0024134911258132845
2023-11-02,0.00022710188189044707,0.003444168175613365,0.002157341658124198,0.001930239776233751
2023-11-03,-0.008517360048856216,0.006076103714424117,0.00023871820911198398,0.0087560782579682
2023-11-06,-0.00847160536051983,-0.011254476224532609,-0.010141327878927497,-0.0016697225184076677
2023-11-07,-0.017489169057185477,-0.006807817802245247,-0.01108035830422134,0.006408810752964138
2023-11-08,0.0075821419559238675,-0.00859456615851603,-0.0021238829127400707,-0.009706024868663938
2023-11-09,0.016253618070712517,0.02209417179287248,0.019757950304008495,0.0035043322332959786
2023-11-10,0.017105822943015832,0.017744412030705353,0.017488976395629543,0.00038315345261371106
2023-11-13,0.010764998937679723,0.0004065722022280711,0.004549942896408732,-0.006215056041270991
2023-11-14,0.0063352168888432675,-0.009748949609430202,-0.003315283010120814,-0.009650499898964082
2023-11-15,-0.00385198175832065,0.0035052879801185446,0.0005623800847428663,0.004414361843063517
2023-11-16,0.014542211478156023,2.1397003795377246e-05,0.005829722793539636,-0.008712488684616387
2023-11-17,0.006916945971984228,0.00174357821797175,0.0038129253195767414,-0.003104020652407487
2023-11-20,0.0003424069963041432,-0.0008241515905965397,-0.00035752815583626655,-0.0006999351521404097
2023-11-21,0.002558818126866941,-0.007757405092675236,-0.003630915804858365,-0.006189733931725306
2023-11-22,0.0020825288518099027,0.00798912804706973,0.005626488368965799,0.003543959517155896
2023-11-23,-0.0017482455754410653,0.002719701482295142,0.000932522659200659,0.0026807682346417245
2023-11-24,-0.005599341289572452,-0.005629978366079967,-0.00561772353547696,-1.8382245904508508e-05
2023-11-27,-0.010449169645959747,0.003246268606038439,-0.002231906694760836,0.00821726295119891
2023-11-28,-0.0035274391019986953,-0.0027084984669376406,-0.0030360747209620623,0.000491364381036633
2023-11-29,0.020945909116884667,0.006306696803006049,0.012162381728557497,-0.00878352738832717
2023-11-30,-0.007947738759408431,0.0002351437077739286,-0.0030380092790990155,0.004909729480309415
2023-12-01,0.0010718432794611394,-0.007138462870369982,-0.003854340410437533,-0.004926183689898672
2023-12-04,0.003920910783655111,0.0033420719741337644,0.003573607497942303,-0.0003473032857128078
2023-12-05,0.005403501587235611,0.003624774780339705,0.004336265503098067,-0.0010672360841375433
2023-12-06,-0.011173215832816646,0.00709310537724072,-0.0002134231067822262,0.01095979272603442
2023-12-07,-0.002510927658551195,0.013069436598905039,0.0068372908959225456,0.00934821855447374
2023-12-08,0.010347551169594158,0.003928746604321016,0.006496268430430273,-0.0038512827391638848
2023-12-11,-0.0016536472857470283,0.017864489291366643,0.010057234660521174,0.011710881946268202
2023-12-12,-0.0018611814881177445,0.0021919784935719474,0.0005707145008960707,0.002431895989013815
2023-12-13,0.015947683504000425,0.016211610993322075,0.016106039997593413,0.00015835649359298778
2023-12-14,-0.005650412738973361,0.008342497519893449,0.002745333416346724,0.008395746155320086
2023-12-15,-0.00029134312241343063,0.003046852736516158,0.0017115743929443225,0.002002917515357753
2023-12-18,-0.006678247806403862,0.01606315151450872,0.006966591786143688,0.01364483959254755
2023-12-19,0.011407926303675731,0.012078644156557383,0.011810357015404721,0.0004024307117289905
2023-12-20,-0.01840432384679807,-0.016810867253500384,-0.01744824989081946,0.0009560739559786105
2023-12-21,-0.0019552753661514722,0.007436141387144067,0.003679574685825851,0.005634850051977324
2023-12-22,-0.008458710958790503,-0.009785129207226038,-0.009254561907851825,-0.0007958509490613216
2023-12-25,0.011847062602247094,-0.004353703458320741,0.002126602965906394,-0.0097204596363407
2023-12-26,0.00892823837806653,-0.019581455791340314,-0.008177578123577575,-0.017105816501644104
2023-12-27,0.011844212678671227,0.017355206873240804,0.015150809195412973,0.003306596516741747
2023-12-28,-0.011888848295966922,0.001963094439057464,-0.0035776826549522908,0.00831116564101463
2023-12-29,0.0022063268763207276,0.006519134914226631,0.004794011699064269,0.0025876848227435415
2024-01-01,-0.008587007025588836,0.009996031340775889,0.0025628159942299986,0.011149823019818834
2024-01-02,-0.01055939638861889,0.009222950432188804,0.001310011703865726,0.011869408092484615
2024-01-03,0.003909810011770652,0.003789211093153059,0.0038374506606000964,-7.235935117055545e-05
2024-01-04,-0.009589253948175763,0.004845846580934239,-0.0009281936307097621,0.008661060317466
2024-01-05,-0.021184829100719692,-0.017729093122772634,-0.01911138751395146,0.0020734415867682335
2024-01-08,-0.002905585303342257,-0.005911166976423788,-0.004708934307191176,-0.0018033490038489187
2024-01-09,-0.021381973225031367,-0.004399544269042596,-0.011192515851438104,0.010189457373593263
2024-01-10,-0.004153531586887505,-0.002244858260871894,-0.0030083275912781383,0.0011452039956093667
2024-01-11,-0.001211359508675259,-0.013876851459361971,-0.008810654679087286,-0.007599295170412027
2024-01-12,0.0008804204777651727,0.006119405228812199,0.004023811328393388,0.0031433908506282157
2024-01-15,0.01379622316082196,0.006661559117726131,0.009515424734964462,-0.004280798425857497
2024-01-16,-0.005688474587214639,-0.004308042801269153,-0.004860215515647347,0.0008282590715672916
2024-01-17,-0.01904348237090879,-0.0022585686692578972,-0.008972534149918256,0.010070948220990535
2024-01-18,-0.010421401123457234,-0.008270376383361654,-0.009130786279399887,0.0012906148440573473
2024-01-19,-0.008484913670212393,-0.015426904772210055,-0.012650108331410989,-0.004165194661198596
2024-01-22,-0.009198510120722422,-0.015372241444337145,-0.012902748914891255,-0.0037042387941688334
2024-01-23,0.0063340431148597295,0.018480155680701764,0.01362171065436495,0.00728766753950522
2024-01-24,-0.009333164227718236,-0.013779535228538392,-0.01200098682821033,-0.002667822600492094
2024-01-25,-0.021211693136434066,-0.010083888747485018,-0.014535010503064638,0.006676682633369428
2024-01-26,0.0036088094132018136,0.008622504798194291,0.0066170266441973,0.0030082172309954867
2024-01-29,0.0007663620180592901,0.005195523973515949,0.003423859191333285,0.002657497173273995
2024-01-30,-0.0035138583513834435,-0.008598349985662408,-0.006564553331950822,-0.0030506949805673782
2024-01-31,0.0055782560094526385,0.0010544486718583543,0.002863971606896068,-0.0027142844025565705
2024-02-01,0.004517320174188317,0.009692995121990082,0.007622725142869376,0.003105404968681059
2024-02-02,-0.0021380598640045284,0.005920611524330033,0.002697142968996208,0.004835202833000736
2024-02-05,0.01311520175454557,7.177463552213051e-05,0.005289145483131507,-0.007826056271414063
2024-02-06,0.007875254058157016,-0.013601441887999229,-0.00501076350953673,-0.012886017567693746
2024-02-07,0.005149080440117653,0.009928853693292727,0.008016944392022697,0.0028678639519050444
2024-02-08,0.007802847972715304,0.009911802253443897,0.00906822054115246,0.0012653725684371557
2024-02-09,-0.013049970808986223,-0.009963070327889786,-0.011197830520328361,0.0018521402886578619
2024-02-12,0.0029929272654319137,-0.004340220173220141,-0.001406961197759319,-0.004399888463191233
2024-02-13,0.0021525193089226824,0.004244362444610718,0.003407625190335504,0.0012551058814128215
2024-02-14,0.0018581407523043476,9.532367204291266e-05,0.0008004505041474867,-0.001057690248156861
2024-02-15,-0.007557439244855619,-0.0003941375045490069,-0.0032594582006716523,0.004297981044183967
2024-02-16,0.016263952596235247,-0.004728662844784747,0.003668383331623251,-0.012595569264611996
2024-02-19,0.0015355991473362783,0.004153448990685721,0.003106309053345944,0.0015707099060096655
2024-02-20,-0.014427108605714747,-0.011105818143275645,-0.012434334328251286,0.001992774277463461
2024-02-21,-0.016914711826075197,-0.01744924449140398,-0.017235431425272466,-0.00032071959919726875
2024-02-22,0.00030837468479222004,0.006691820035798457,0.004138441895395962,0.003830067210603742
2024-02-23,-0.005196696836232521,0.0004528901629895629,-0.0018069446366992708,0.0033897521995332504
2024-02-26,-0.004269176179819523,-0.004830503888284522,-0.004605972804898523,-0.0003367966250789993
2024-02-27,0.0023356315033241973,0.0036060054552020664,0.003097855874450919,0.0007622243711267215
2024-02-28,-0.004842646043538426,-0.017460709186243425,-0.012413483929161424,-0.007570837885622998
2024-02-29,-0.0022645522053593645,0.002521937032281168,0.0006073413372249548,0.0028718935425843194
2024-03-01,-0.006963270402496046,0.0016897742629739918,-0.0017714436032140234,0.005191826799282023
2024-03-04,0.0021500828996768064,-0.0005351956180137418,0.0005389157890624775,-0.0016111671106143288
2024-03-05,0.006824687839058572,0.014703779098199435,0.01155214259454309,0.004727454755484518
2024-03-06,0.02486334439034451,0.006719464965307687,0.013977016735322416,-0.010886327655022093
2024-03-07,-0.017600484612098,-0.013172589279121811,-0.014943747412312287,0.0026567371997857133
2024-03-08,-0.001794722800313449,-0.004587993117102878,-0.0034706849903871064,-0.0016759621900736574
2024-03-11,-0.010009962178074483,-0.002810342219780906,-0.005690190203098337,0.004319771974976146
2024-03-12,0.01070665195720319,0.016266003699126307,0.01404226300235706,0.0033356110451538707
2024-03-13,-0.01705429040479376,0.003164096208853826,-0.004923258436605209,0.01213103196818855
2024-03-14,-0.0019092382217149127,-0.0070066853670528355,-0.004967706508917666,-0.0030584682872027537
2024-03-15,-0.0008640196333775801,0.00886029349792926,0.004970568245406524,0.005834587878784104
2024-03-18,-0.0061768989062422185,-0.013581848197746176,-0.010619868481144592,-0.004442969574902374
2024-03-19,-0.012041705904714114,-0.019467546268962067,-0.016497210123262884,-0.00445550421854877
2024-03-20,-0.006414235879352892,0.019298712087226277,0.009013532900594609,0.0154277687799475
2024-03-21,-0.011755580564309153,-0.006572526135717554,-0.008645747907154194,0.003109832657154959
2024-03-22,-0.016319601677873313,-0.0032305397542044794,-0.008466164523672014,0.007853437154201299
2024-03-25,-0.006129267355573077,0.0034258436128558633,-0.00039620077451571305,0.005733066581057364
2024-03-26,0.0006777423833541004,0.017573208101585136,0.010815021814292721,0.01013727943093862
2024-03-27,-0.005089387407632738,0.002521683533939998,-0.0005227448426890968,0.0045666425649436414
2024-03-28,-0.012352405414006248,-0.0013160564317273396,-0.005730596024638903,0.006621809389367345
2024-03-29,0.0018997661425829053,-0.016305147513090174,-0.00902318205082094,-0.010922948193403847
2024-04-01,0.00532586446974169,-0.007698809914162738,-0.0024889401606009664,-0.007814804630342656
2024-04-02,-0.0005431835382285304,0.01497448535910824,0.008767417800173531,0.009310601338402062
2024-04-03,0.003602753269029607,0.011089042700920775,0.008094526928164307,0.0044917736591347
2024-04-04,-0.0042612785284069764,-0.0009495665469955851,-0.002274251339560142,0.0019870271888468346
2024-04-05,0.009085801878123398,0.0031591937933558856,0.005529837027262891,-0.003555964850860507
2024-04-08,-0.0011780888508127977,0.0011833873559525692,0.00023879687324642238,0.00141688572405922
2024-04-09,-0.013840735833762784,-0.010744614163796042,-0.011983062831782739,0.0018576730019800453
2024-04-10,-0.007925397352630693,0.009330934964879762,0.00242840203787558,0.010353799390506273
2024-04-11,0.009087479392073824,0.009642407162925547,0.009420436054584858,0.00033295666251103445
2024-04-12,-0.0026378685425443443,0.0036688292164765886,0.001146150112868215,0.0037840186554125594
2024-04-15,0.014633739226744172,0.009420338149368665,0.011505698580318868,-0.0031280406464253042
2024-04-16,-0.006636424579324406,0.003544684982003754,-0.0005277588425275101,0.006108665736796896
2024-04-17,0.017089011834369804,0.005137401100126199,0.00991804539382364,-0.007170966440546163
2024-04-18,-0.005179582827251823,0.0025758185455481367,-0.0005263420035718474,0.004653240823679975
2024-04-19,-0.0034841754906782475,-0.006049879000077496,-0.005023597596317797,-0.0015394221056395491
2024-04-22,0.026533608169553552,0.01684362430078385,0.02071961784829173,-0.005813990321261821
2024-04-23,0.013798972826829186,0.02594368790076684,0.021085801871191776,0.00728682904436259
2024-04-24,-0.0027896016888586785,-0.006468282026812464,-0.00499680989163095,-0.0022072082027722716
2024-04-25,-0.0048165480165802774,-0.0019190969892336016,-0.003078077400172272,0.0017384706164080056
2024-04-26,0.00462632113396706,0.004942743180898948,0.004816174362126193,0.00018985322815913332
2024-04-29,0.016498417434658852,0.012091663796221567,0.01385436525159648,-0.0026440521830623717
2024-04-30,-0.006103651037874951,0.007432314089294083,0.002017928038426469,0.00812157907630142
2024-05-01,-0.018918212200451798,-0.01974338396245512,-0.01941331525765379,-0.0004951030572019934
2024-05-02,0.0011599525557265517,0.0053343979374400035,0.003664619784754623,0.002504667229028071
2024-05-03,0.0008802796619544334,-0.006838906337324572,-0.0037512319376129697,-0.004631511599567403
2024-05-06,-0.002578763554841577,-0.0056661847640713065,-0.004431216280379414,-0.001852452725537837
2024-05-07,0.011358608681390762,0.010433873223679942,0.01080376740676427,-0.000554841274626492
2024-05-08,0.0005928741716101729,-7.01958239392275e-05,0.00019503217428053264,-0.0003978419973296402
2024-05-09,0.008964005709006528,0.012774422267062567,0.011250255643840152,0.0022862499348336243
2024-05-10,-0.009776628610361998,0.0217984456667357,0.009168415955896621,0.018945044566258618
2024-05-13,0.012473233716322769,0.01223669157117833,0.012331308429236104,-0.00014192528708666455
2024-05-14,0.022538105056086243,0.01659239245495214,0.01897067749540578,-0.003567427560680462
2024-05-15,0.0020766238137613757,-0.005381125191298982,-0.0023980255892748392,-0.0044746494030362145
2024-05-16,0.004065568413533247,-0.004287949673099641,-0.0009465424384464858,-0.005012110851979733
2024-05-17,0.00483945149931009,-0.01016356013075899,-0.004162355478731359,-0.009001806978041448
2024-05-20,0.018729071593410824,0.00763995398387368,0.012075601027688537,-0.006653470565722287
2024-05-21,-0.0049116562105654665,-0.01897858070917702,-0.0133518109097324,-0.008440154699166933
2024-05-22,-0.0027284367570110874,-0.006013570524064672,-0.004699517017243238,-0.001971080260232151
2024-05-23,0.0012660503577656356,0.008108840799803592,0.005371724622988409,0.004105674265222773
2024-05-24,0.010531055557183469,-0.00507128936007067,0.0011696486068309858,-0.009361406950352483
2024-05-27,-0.007616875059144233,-0.016381005027589796,-0.01287535304021157,-0.005258477981067336
2024-05-28,-0.004409194184549587,-0.009050979335669033,-0.007194265275221255,-0.0027850710906716673
2024-05-29,0.001207191807531453,0.006628818992202378,0.004460168118334008,0.003252976310802555
2024-05-30,-0.0011511950348683843,0.0010083471001035961,0.0001445302461148039,0.0012957252809831883
2024-05-31,-0.0020744967600671497,0.009865936500346718,0.005089763196181171,0.007164259956248321
2024-06-03,-0.015435987974541383,0.0037038425867098367,-0.0039520896377906525,0.01148389833675073
2024-06-04,-0.004593869932989495,-0.0035009922505456455,-0.0039381433235231855,0.0006557266094663096
2024-06-05,0.004486020936569717,0.019398253121692164,0.013433360247643186,0.008947339311073468
2024-06-06,-0.01015559733613016,-0.015437373887087004,-0.013324663266704267,-0.003169065930574106
2024-06-07,-0.000738320259376429,0.015956056565473747,0.009278305835533676,0.010016626094910105
2024-06-10,-0.0015151676460308725,0.011676870208740156,0.006400055066831745,0.007915222712862617
2024-06-11,-0.0072326191475977075,-0.0051911562954632005,-0.006007741436317004,0.0012248777112807037
2024-06-12,-0.0021660612803080046,-0.006772477126339568,-0.0049299107879269425,-0.002763849507618938
2024-06-13,-0.013505317941949192,0.0007898100623060689,-0.004928241139396036,0.008577076802553155
